상품번호,제품명,카테고리,치수,규격,상세,사진파일
G-001,물홈통 상부용(날개형),물홈통,200*200,Ø76.4,,G-001.jpg
G-002,물홈통 상부용(날개형),물홈통,200*200,Ø101.6,,G-001.jpg
G-003,물홈통 상부용(날개형),물홈통,250*250,Ø101.6,,G-001.jpg
G-004,물홈통 상부용(날개형),물홈통,250*250,Ø127,,G-001.jpg
G-005,물홈통 상부용(날개형),물홈통,250*250,Ø152.4,,G-001.jpg
G-006,물홈통 상부용,물홈통,150*150,Ø50.0,,G-002.jpg
G-007,물홈통 상부용,물홈통,200*200,Ø76.4,,G-002.jpg
G-008,물홈통 상부용,물홈통,200*200,Ø101.6,,G-002.jpg
G-009,물홈통 상부용,물홈통,250*250,Ø101.6,,G-002.jpg
G-010,물홈통 상부용,물홈통,250*250,Ø127,,G-002.jpg
G-011,물홈통 상부용,물홈통,250*250,Ø152.4,,G-002.jpg
G-012,물홈통 벽부용,물홈통,200*200,면114 / Ø76.4, ,G-003.jpg
G-013,물홈통 벽부용,물홈통,200*200,면114 / Ø101.6, ,G-003.jpg
G-014,물홈통 벽부용,물홈통,250*250,면114 / Ø101.6, ,G-003.jpg
G-015,물홈통 벽부용,물홈통,250*250,면114 / Ø127, ,G-003.jpg
G-016,물홈통 벽부용,물홈통,250*250,면153 / Ø152.4, ,G-003.jpg
G-017,물홈통 벽부용(뚜껑),물홈통,200*200,면114 / Ø76.4, ,G-004.jpg
G-018,물홈통 벽부용(뚜껑),물홈통,200*200,면114 / Ø101.6, ,G-004.jpg
G-019,물홈통 벽부용(뚜껑),물홈통,250*250,면114 / Ø101.6, ,G-004.jpg
G-020,물홈통 벽부용(뚜껑),물홈통,250*250,면114 / Ø127, ,G-004.jpg
G-021,물홈통 벽부용(뚜껑),물홈통,250*250,면153 / Ø152.4, ,G-004.jpg
G-022,물홈통 반도(앙카용),물홈통 부속,Ø50.8,발50 / 볼트48, ,G-005.jpg
G-023,물홈통 반도(앙카용),물홈통 부속,Ø63.5,발50 / 볼트48, ,G-005.jpg
G-024,물홈통 반도(앙카용),물홈통 부속,Ø76.2,발50 / 볼트48, ,G-005.jpg
G-025,물홈통 반도(앙카용),물홈통 부속,Ø101.6,발37 / 볼트48, ,G-005.jpg
G-026,물홈통 반도(앙카용),물홈통 부속,Ø127,발50 / 볼트48, ,G-005.jpg
G-027,물홈통 반도(앙카용),물홈통 부속,Ø152.4,발37 / 볼트48, ,G-005.jpg
G-028,물홈통 반도(앙카용),물홈통 부속,Ø165,발37 / 볼트48, ,G-005.jpg
G-029,물홈통 반도(앙카용),물홈통 부속,Ø216.3,발37 / 볼트48, ,G-005.jpg
G-030,물홈통 반도(앙카용),물홈통 부속,Ø60,발50 / 볼트48,P.V.C 용,G-005.jpg
G-031,물홈통 반도(앙카용),물홈통 부속,Ø89,발50 / 볼트48,P.V.C 용,G-005.jpg
G-032,물홈통 반도(앙카용),물홈통 부속,Ø114,발37 / 볼트48,P.V.C 용,G-005.jpg
G-033,물홈통 반도(판넬용),물홈통 부속,Ø50.8,발50 / 볼트48, ,G-006.jpg
G-034,물홈통 반도(판넬용),물홈통 부속,Ø63.5,발50 / 볼트48, ,G-006.jpg
G-035,물홈통 반도(판넬용),물홈통 부속,Ø76.2,발50 / 볼트48, ,G-006.jpg
G-036,물홈통 반도(판넬용),물홈통 부속,Ø101.6,발37 / 볼트48, ,G-006.jpg
G-037,물홈통 반도(판넬용),물홈통 부속,Ø127,발50 / 볼트48, ,G-006.jpg
G-038,물홈통 반도(판넬용),물홈통 부속,Ø152.4,발37 / 볼트48, ,G-006.jpg
G-039,물홈통 반도(판넬용),물홈통 부속,Ø165,발37 / 볼트48, ,G-006.jpg
G-040,물홈통 반도(판넬용),물홈통 부속,Ø216.3,발37 / 볼트48, ,G-006.jpg
G-041,물홈통 반도(판넬용),물홈통 부속,Ø60,발50 / 볼트48,P.V.C 용,G-006.jpg
G-042,물홈통 반도(판넬용),물홈통 부속,Ø89,발50 / 볼트48,P.V.C 용,G-006.jpg
G-043,물홈통 반도(판넬용),물홈통 부속,Ø114,발50 / 볼트48,P.V.C 용,G-006.jpg
G-044,물홈통 파이프 연결링,물홈통 부속,Ø50.8, , ,G-007.jpg
G-045,물홈통 파이프 연결링,물홈통 부속,Ø63.5, , ,G-007.jpg
G-046,물홈통 파이프 연결링,물홈통 부속,Ø76.2, , ,G-007.jpg
G-047,물홈통 파이프 연결링,물홈통 부속,Ø89.1, , ,G-007.jpg
G-048,물홈통 파이프 연결링,물홈통 부속,Ø101.6, , ,G-007.jpg
G-049,물홈통 파이프 연결링,물홈통 부속,Ø127, , ,G-007.jpg
G-050,물홈통 파이프 연결링,물홈통 부속,Ø152.4, , ,G-007.jpg
G-051,물홈통 파이프 연결링,물홈통 부속,Ø165.2, , ,G-007.jpg
G-052,물홈통 파이프 연결링,물홈통 부속,Ø216.3, , ,G-007.jpg
G-053,물홈통 파이프 연결링,물홈통 부속,Ø1) 101.6 / Ø2) 50.8 , , ,G-008.jpg
G-054,물홈통 파이프 연결링,물홈통 부속,Ø1) 101.6 / Ø2) 63.5 , , ,G-008.jpg
G-055,물홈통 파이프 연결링,물홈통 부속,Ø1) 101.6 / Ø2) 76.2 , , ,G-008.jpg
G-056,물홈통 파이프 연결링,물홈통 부속,Ø1) 127 / Ø2) 101.6, , ,G-008.jpg
G-057,물홈통 파이프 연결링,물홈통 부속,Ø1) 152.4 / Ø2) 127, , ,G-008.jpg
G-058,90도 엘보형 확축관,확축관 엘보,Ø50.8,90°, ,G-009.jpg
G-059,90도 엘보형 확축관,확축관 엘보,Ø63.5,90°, ,G-009.jpg
G-060,90도 엘보형 확축관,확축관 엘보,Ø76.2,90°, ,G-009.jpg
G-061,90도 엘보형 확축관,확축관 엘보,Ø101.6,90°, ,G-009.jpg
G-062,90도 엘보형 확축관,확축관 엘보,Ø127,90°, ,G-009.jpg
G-063,90도 엘보형 확축관,확축관 엘보,Ø152.4,90°, ,G-009.jpg
G-064,90도 엘보형 확축관,확축관 엘보,Ø216.3,90°, ,G-009.jpg
G-065,45도 반엘보형 확축관,확축관 엘보,Ø50.8,45°, ,G-010.jpg
G-066,45도 반엘보형 확축관,확축관 엘보,Ø63.5,45°, ,G-010.jpg
G-067,45도 반엘보형 확축관,확축관 엘보,Ø76.2,45°, ,G-010.jpg
G-068,45도 반엘보형 확축관,확축관 엘보,Ø101.6,45°, ,G-010.jpg
G-069,45도 반엘보형 확축관,확축관 엘보,Ø127,45°, ,G-010.jpg
G-070,45도 반엘보형 확축관,확축관 엘보,Ø152.4,45°, ,G-010.jpg
G-071,45도 반엘보형 확축관,확축관 엘보,Ø216.3,45°, ,G-010.jpg
G-072,ㄱ형 확축관,확축관 엘보,Ø76.2,90°, ,G-011.jpg
G-073,ㄱ형 확축관,확축관 엘보,Ø101.6,90°, ,G-011.jpg
G-074,ㄱ형 확축관,확축관 엘보,Ø127,90°, ,G-011.jpg
G-075,ㄱ형 확축관,확축관 엘보,Ø152.4,90°, ,G-011.jpg
G-076,ㄱ형 확축관,확축관 엘보,Ø216.3,90°, ,G-011.jpg
G-077,135도 확축관,확축관 엘보,Ø76.2,45°, ,G-012.jpg
G-078,135도 확축관,확축관 엘보,Ø101.6,45°, ,G-012.jpg
G-079,135도 확축관,확축관 엘보,Ø127,45°, ,G-012.jpg
G-080,135도 확축관,확축관 엘보,Ø152.4,45°, ,G-012.jpg
G-081,135도 확축관,확축관 엘보,Ø216.3,45°, ,G-012.jpg
G-082,T형 확축관,확축관 엘보,Ø101.6, , ,G-013.jpg
G-083,T형 확축관,확축관 엘보,Ø127, , ,G-013.jpg
G-084,T형 확축관,확축관 엘보,Ø152.4, , ,G-013.jpg
G-085,T형 확축관,확축관 엘보,Ø216.3, , ,G-013.jpg
G-086,Y형 확축관,확축관 엘보,Ø101.6, , ,G-014.jpg
G-087,Y형 확축관,확축관 엘보,Ø127, , ,G-014.jpg
G-088,Y형 확축관,확축관 엘보,Ø152.4, , ,G-014.jpg
G-089,Y형 확축관,확축관 엘보,Ø216.3, , ,G-014.jpg
G-090,물홈통 관통 T형 확관엘보(올용접),확축관 엘보,Ø50.8, A.104 / B.35,올용접,G-015.jpg
G-091,물홈통 관통 T형 확관엘보(올용접),확축관 엘보,Ø63.5, A.120 / B.43,올용접,G-015.jpg
G-092,물홈통 관통 T형 확관엘보(올용접),확축관 엘보,Ø76.2, A.141 / B.43,올용접,G-015.jpg
G-093,물홈통 관통 T형 확관엘보(올용접),확축관 엘보,Ø101.6, A.175 / B.60,올용접,G-015.jpg
G-094,물홈통 관통 T형 확관엘보(올용접),확축관 엘보,Ø127, A.225 / B.75,올용접,G-015.jpg
G-095,물홈통 관통 T형 확관엘보(올용접),확축관 엘보,Ø152.4, A.254 / B.85,올용접,G-015.jpg
G-096,물홈통 관통 T형 확관엘보(올용접),확축관 엘보,Ø216.3, A.370 / B.150,올용접,G-015.jpg
G-097,T형 엘보 관통(1:1용접),확축관 엘보,Ø50.8, , ,G-016.jpg
G-098,T형 엘보 관통(1:1용접),확축관 엘보,Ø76.2, , ,G-016.jpg
G-099,T형 엘보 관통(1:1용접),확축관 엘보,Ø101.6, , ,G-016.jpg
G-100,T형 엘보 관통(1:1용접),확축관 엘보,Ø127, , ,G-016.jpg
G-101,T형 엘보 관통(1:1용접),확축관 엘보,Ø152.4, , ,G-016.jpg
G-102,T형 엘보 관통(1:1용접),확축관 엘보,Ø165.4, , ,G-016.jpg
G-103,T형 엘보 관통(1:1용접),확축관 엘보,Ø216.3, , ,G-016.jpg
G-104,일자 확관엘보,확관 엘보(조립식),Ø19.1, H20, ,G-017.jpg
G-105,일자 확관엘보,확관 엘보(조립식),Ø25.4, H25, ,G-017.jpg
G-106,일자 확관엘보,확관 엘보(조립식),Ø31.8, H30, ,G-017.jpg
G-107,일자 확관엘보,확관 엘보(조립식),Ø38.1, H35, ,G-017.jpg
G-108,일자 확관엘보,확관 엘보(조립식),Ø50.8, H40, ,G-017.jpg
G-109,일자 확관엘보,확관 엘보(조립식),Ø63.5, H50, ,G-017.jpg
G-110,일자 확관엘보,확관 엘보(조립식),Ø76.2, H70, ,G-017.jpg
G-111,일자 확관엘보,확관 엘보(조립식),Ø101.6, H90, ,G-017.jpg
G-112,일자 확관엘보,확관 엘보(조립식),Ø127, H150, ,G-017.jpg
G-113,일자 확관엘보,확관 엘보(조립식),Ø152.4, H200, ,G-017.jpg
G-114,T형 확관엘보,확관 엘보(조립식),Ø19.1,A.44 / B.19, ,G-018.jpg
G-115,T형 확관엘보,확관 엘보(조립식),Ø25.4,A.50 / B.22, ,G-018.jpg
G-116,T형 확관엘보,확관 엘보(조립식),Ø31.8,A.65 / B.23, ,G-018.jpg
G-117,T형 확관엘보,확관 엘보(조립식),Ø38.1,A.70 / B.25, ,G-018.jpg
G-118,T형 확관엘보,확관 엘보(조립식),Ø50.8,A.85 / B.32, ,G-018.jpg
G-119,T형 확관엘보,확관 엘보(조립식),Ø63.5,A.95 / B.35, ,G-018.jpg
G-120,T형 확관엘보,확관 엘보(조립식),Ø76.2,A.101 / B.37, ,G-018.jpg
G-121,T형 확관엘보,확관 엘보(조립식),Ø101.6,A.140 / B.50, ,G-018.jpg
G-122,T형 확관엘보,확관 엘보(조립식),Ø127,A.180 / B.65, ,G-018.jpg
G-123,T형 확관엘보,확관 엘보(조립식),Ø152.4,A.230 / B.87, ,G-018.jpg
G-124,T형 확관엘보,확관 엘보(조립식),Ø216.3,A.370 / B.150, ,G-018.jpg
G-125,ㄱ형 확관엘보,확관 엘보(조립식),Ø19.1,A.40 / B.17, ,G-019.jpg
G-126,ㄱ형 확관엘보,확관 엘보(조립식),Ø25.4,A.45 / B.15, ,G-019.jpg
G-127,ㄱ형 확관엘보,확관 엘보(조립식),Ø31.8,A.51 / B.15, ,G-019.jpg
G-128,ㄱ형 확관엘보,확관 엘보(조립식),Ø38.1,A.60 / B.20, ,G-019.jpg
G-129,ㄱ형 확관엘보,확관 엘보(조립식),Ø50.8,A.76 / B.20, ,G-019.jpg
G-130,ㄱ형 확관엘보,확관 엘보(조립식),Ø63.5,A.90 / B.25, ,G-019.jpg
G-131,ㄱ형 확관엘보,확관 엘보(조립식),Ø76.2,A.100 / B.23, ,G-019.jpg
G-132,ㄱ형 확관엘보,확관 엘보(조립식),Ø101.6,A.135 / B.34, ,G-019.jpg
G-133,ㄱ형 확관엘보,확관 엘보(조립식),Ø127,A.188 / B.60, ,G-019.jpg
G-134,ㄱ형 확관엘보,확관 엘보(조립식),Ø152.4,A.213 / B.50, ,G-019.jpg
G-135,ㄱ형 확관엘보,확관 엘보(조립식),Ø216.3,A.340 / B.120, ,G-019.jpg
G-136,45도 확관엘보,확관 엘보(조립식),Ø19.1,A.26 / B.16, ,G-020.jpg
G-137,45도 확관엘보,확관 엘보(조립식),Ø25.4,A.30 / B.19, ,G-020.jpg
G-138,45도 확관엘보,확관 엘보(조립식),Ø31.8,A.34 / B.20, ,G-020.jpg
G-139,45도 확관엘보,확관 엘보(조립식),Ø38.1,A.40 / B.20, ,G-020.jpg
G-140,45도 확관엘보,확관 엘보(조립식),Ø50.8,A.51 / B.30, ,G-020.jpg
G-141,45도 확관엘보,확관 엘보(조립식),Ø63.5,A.60 / B.30, ,G-020.jpg
G-142,45도 확관엘보,확관 엘보(조립식),Ø76.2,A.100 / B.23, ,G-020.jpg
G-143,45도 확관엘보,확관 엘보(조립식),Ø101.6,A.95 / B.50, ,G-020.jpg
G-144,45도 확관엘보,확관 엘보(조립식),Ø127,A.107 / B.55, ,G-020.jpg
G-145,45도 확관엘보,확관 엘보(조립식),Ø152.4,A.154 / B.85, ,G-020.jpg
G-146,45도 확관엘보,확관 엘보(조립식),Ø216.3,A.200 / B.110, ,G-020.jpg
G-147,십자형 확관엘보,확관 엘보(조립식),Ø19.1,A.20 / B.20, ,G-021.jpg
G-148,십자형 확관엘보,확관 엘보(조립식),Ø25.4,A.22 / B.18, ,G-021.jpg
G-149,십자형 확관엘보,확관 엘보(조립식),Ø31.8,A.25 / B.22, ,G-021.jpg
G-150,십자형 확관엘보,확관 엘보(조립식),Ø38.1,A.27 / B.22, ,G-021.jpg
G-151,십자형 확관엘보,확관 엘보(조립식),Ø50.8,A.31 / B.25, ,G-021.jpg
G-152,십자형 확관엘보,확관 엘보(조립식),Ø63.5,A.36 / B.29, ,G-021.jpg
G-153,십자형 확관엘보,확관 엘보(조립식),Ø76.2,A.42 / B.22, ,G-021.jpg
G-154,십자형 확관엘보,확관 엘보(조립식),Ø101.6,A.57 / B.40, ,G-021.jpg
G-155,3방향 확관엘보,확관 엘보(조립식),Ø19.1,A.20 / B.17, ,G-022.jpg
G-156,3방향 확관엘보,확관 엘보(조립식),Ø25.4,A.17 / B.17, ,G-022.jpg
G-157,3방향 확관엘보,확관 엘보(조립식),Ø31.8,A.20 / B.20, ,G-022.jpg
G-158,3방향 확관엘보,확관 엘보(조립식),Ø38.1,A.20 / B.20, ,G-022.jpg
G-159,3방향 확관엘보,확관 엘보(조립식),Ø50.8,A.27 / B.27, ,G-022.jpg
G-160,3방향 확관엘보,확관 엘보(조립식),Ø63.5,A.28 / B.28, ,G-022.jpg
G-161,3방향 확관엘보,확관 엘보(조립식),Ø76.2,A.21 / B.21, ,G-022.jpg
G-162,3방향 확관엘보,확관 엘보(조립식),Ø101.6,A.47 / B.47, ,G-022.jpg
G-163,4방향 확관엘보,확관 엘보(조립식),Ø19.1,A.19 / B.11, ,G-023.jpg
G-164,4방향 확관엘보,확관 엘보(조립식),Ø25.4,A.22 / B.11, ,G-023.jpg
G-165,4방향 확관엘보,확관 엘보(조립식),Ø31.8,A.25 / B.11, ,G-023.jpg
G-166,4방향 확관엘보,확관 엘보(조립식),Ø38.1,A.28 / B.11, ,G-023.jpg
G-167,4방향 확관엘보,확관 엘보(조립식),Ø50.8,A.31 / B.16, ,G-023.jpg
G-168,4방향 확관엘보,확관 엘보(조립식),Ø63.5,A.35 / B.16, ,G-023.jpg
G-169,4방향 확관엘보,확관 엘보(조립식),Ø76.2,A.42 / B.16, ,G-023.jpg
G-170,4방향 확관엘보,확관 엘보(조립식),Ø101.6,A.60 / B.25, ,G-023.jpg
G-171,5방향 확관엘보,확관 엘보(조립식),Ø19.1,A.20 / B.20, ,G-024.jpg
G-172,5방향 확관엘보,확관 엘보(조립식),Ø25.4,A.22 / B.18, ,G-024.jpg
G-173,5방향 확관엘보,확관 엘보(조립식),Ø31.8,A.25 / B.22, ,G-024.jpg
G-174,5방향 확관엘보,확관 엘보(조립식),Ø38.1,A.27 / B.22, ,G-024.jpg
G-175,5방향 확관엘보,확관 엘보(조립식),Ø50.8,A.31 / B.25, ,G-024.jpg
G-176,5방향 확관엘보,확관 엘보(조립식),Ø63.5,A.36 / B.29, ,G-024.jpg
G-177,5방향 확관엘보,확관 엘보(조립식),Ø76.2,A.42 / B.22, ,G-024.jpg
G-178,5방향 확관엘보,확관 엘보(조립식),Ø101.6,A.57 / B.40, ,G-024.jpg
G-179,90도 용접엘보,용접엘보,Ø15.8,90°, ,G-025.jpg
G-180,90도 용접엘보,용접엘보,Ø19.1,90°, ,G-025.jpg
G-181,90도 용접엘보,용접엘보,Ø25.4,90°, ,G-025.jpg
G-182,90도 용접엘보,용접엘보,Ø31.8,90°, ,G-025.jpg
G-183,90도 용접엘보,용접엘보,Ø38.1,90°, ,G-025.jpg
G-184,90도 용접엘보,용접엘보,Ø50.8,90°, ,G-025.jpg
G-185,90도 용접엘보,용접엘보,Ø63.5,90°, ,G-025.jpg
G-186,90도 용접엘보,용접엘보,Ø76.2,90°, ,G-025.jpg
G-187,90도 용접엘보,용접엘보,Ø89.1,90°, ,G-025.jpg
G-188,90도 용접엘보,용접엘보,Ø101.6,90°, ,G-025.jpg
G-189,90도 용접엘보,용접엘보,Ø127,90°, ,G-025.jpg
G-190,90도 용접엘보,용접엘보,Ø152.4,90°, ,G-025.jpg
G-191,90도 용접엘보,용접엘보,Ø165.2,90°, ,G-025.jpg
G-192,90도 용접엘보,용접엘보,Ø216.3,90°, ,G-025.jpg
G-193,45도 용접엘보(반엘보),용접엘보,Ø25.4,45°, ,G-026.jpg
G-194,45도 용접엘보(반엘보),용접엘보,Ø31.8,45°, ,G-026.jpg
G-195,45도 용접엘보(반엘보),용접엘보,Ø38.1,45°, ,G-026.jpg
G-196,45도 용접엘보(반엘보),용접엘보,Ø50.8,45°, ,G-026.jpg
G-197,45도 용접엘보(반엘보),용접엘보,Ø63.5,45°, ,G-026.jpg
G-198,45도 용접엘보(반엘보),용접엘보,Ø76.2,45°, ,G-026.jpg
G-199,45도 용접엘보(반엘보),용접엘보,Ø101.6,45°, ,G-026.jpg
G-200,45도 용접엘보(반엘보),용접엘보,Ø127,45°, ,G-026.jpg
G-201,45도 용접엘보(반엘보),용접엘보,Ø152.4,45°, ,G-026.jpg
G-202,45도 용접엘보(반엘보),용접엘보,Ø165.2,45°, ,G-026.jpg
G-203,45도 용접엘보(반엘보),용접엘보,Ø216.3,45°, ,G-026.jpg
G-204,한쪽 엘보,용접엘보,Ø19.1,90°, ,G-027.jpg
G-205,한쪽 엘보,용접엘보,Ø25.4,90°, ,G-027.jpg
G-206,한쪽 엘보,용접엘보,Ø31.8,90°, ,G-027.jpg
G-207,한쪽 엘보,용접엘보,Ø38.1,90°, ,G-027.jpg
G-208,한쪽 엘보,용접엘보,Ø50.8,90°, ,G-027.jpg
G-209,한쪽 엘보,용접엘보,Ø63.5,90°, ,G-027.jpg
G-210,한쪽 엘보,용접엘보,Ø76.2,90°, ,G-027.jpg
G-211,한쪽 엘보,용접엘보,Ø101.6,90°, ,G-027.jpg
G-212,한쪽 엘보,용접엘보,Ø127,90°, ,G-027.jpg
G-213,한쪽 엘보,용접엘보,Ø152.4,90°, ,G-027.jpg
G-214,양쪽 엘보,용접엘보,Ø19.1,90°, ,G-028.jpg
G-215,양쪽 엘보,용접엘보,Ø25.4,90°, ,G-028.jpg
G-216,양쪽 엘보,용접엘보,Ø31.8,90°, ,G-028.jpg
G-217,양쪽 엘보,용접엘보,Ø38.1,90°, ,G-028.jpg
G-218,양쪽 엘보,용접엘보,Ø50.8,90°, ,G-028.jpg
G-219,양쪽 엘보,용접엘보,Ø63.5,90°, ,G-028.jpg
G-220,양쪽 엘보,용접엘보,Ø76.2,90°, ,G-028.jpg
G-221,양쪽 엘보,용접엘보,Ø101.6,90°, ,G-028.jpg
G-222,양쪽 엘보,용접엘보,Ø127,90°, ,G-028.jpg
G-223,양쪽 엘보,용접엘보,Ø152.4,90°, ,G-028.jpg
G-224,벽체엘보,용접엘보,Ø25.4,A.75 / B.150, ,G-029.jpg
G-225,벽체엘보,용접엘보,Ø31.8,A.95 / B.180, ,G-029.jpg
G-226,벽체엘보,용접엘보,Ø38.1,A.120 / B.210, ,G-029.jpg
G-227,한쪽 롱엘보,용접엘보,Ø38.1,A.80 / B.130, ,G-030.jpg
G-228,한쪽 롱엘보,용접엘보,Ø50.8,A.90 / B.138, ,G-030.jpg
G-229,한쪽 롱엘보,용접엘보,Ø63.5,A.110 / B.158, ,G-030.jpg
G-230,발코니 엘보,용접엘보,Ø38.1,,용접엘보,G-031.jpg
G-231,발코니 엘보,용접엘보,Ø38.1, ,한쪽엘보,G-032.jpg
G-232,발코니 엘보,용접엘보,Ø38.1, ,양쪽엘보,G-033.jpg
G-233,구찌(일자형),용접엘보,Ø76.2, , ,G-034.jpg
G-234,구찌(일자형),용접엘보,Ø101.6, , ,G-034.jpg
G-235,구찌(일자형),용접엘보,Ø127, , ,G-034.jpg
G-236,구찌(일자형),용접엘보,Ø152.4, , ,G-034.jpg
G-237,구찌(일자형),용접엘보,Ø216.3, , ,G-034.jpg
G-239,스텐 청소용 고리(박스형), , , , ,G-035.jpg
G-244,파이프 각도기 소켓(90도),각도기,Ø25.4,90°, ,G-036.jpg
G-245,파이프 각도기 소켓(90도),각도기,Ø31.8,90°, ,G-036.jpg
G-246,파이프 각도기 소켓(90도),각도기,Ø38.1,90°, ,G-036.jpg
G-247,파이프 각도기 소켓(90도),각도기,Ø50.8,90°, ,G-036.jpg
G-248,파이프 각도기 소켓(90도),각도기,Ø63.5,90°, ,G-036.jpg
G-249,파이프 각도기 소켓(90도),각도기,Ø76.2,90°, ,G-036.jpg
G-250,파이프 각도기 소켓(90도),각도기,Ø101.6,90°, ,G-036.jpg
G-251,파이프 각도기 소켓(45도),각도기,Ø25.4,45°, ,G-037.jpg
G-252,파이프 각도기 소켓(45도),각도기,Ø31.8,45°, ,G-037.jpg
G-253,파이프 각도기 소켓(45도),각도기,Ø38.1,45°, ,G-037.jpg
G-254,파이프 각도기 소켓(45도),각도기,Ø50.8,45°, ,G-037.jpg
G-255,파이프 각도기 소켓(45도),각도기,Ø63.5,45°, ,G-037.jpg
G-256,파이프 각도기 소켓(45도),각도기,Ø76.2,45°, ,G-037.jpg
G-257,파이프 각도기 소켓(45도),각도기,Ø101.6,45°, ,G-037.jpg
G-258,직각파이프 각도기 소켓(90도),각도기,Ø25.4,90°, ,G-038.jpg
G-259,직각파이프 각도기 소켓(90도),각도기,Ø31.8,90°, ,G-038.jpg
G-260,직각파이프 각도기 소켓(90도),각도기,Ø38.1,90°, ,G-038.jpg
G-261,직각파이프 각도기 소켓(90도),각도기,Ø50.8,90°, ,G-038.jpg
G-262,직각파이프 각도기 소켓(90도),각도기,Ø63.5,90°, ,G-038.jpg
G-263,직각파이프 각도기 소켓(90도),각도기,Ø76.2,90°, ,G-038.jpg
G-264,직각파이프 각도기 소켓(90도),각도기,Ø101.6,90°, ,G-038.jpg
G-265,직각파이프 각도기 소켓(45도),각도기,Ø25.4,45°, ,G-039.jpg
G-266,직각파이프 각도기 소켓(45도),각도기,Ø31.8,45°, ,G-039.jpg
G-267,직각파이프 각도기 소켓(45도),각도기,Ø38.1,45°, ,G-039.jpg
G-268,직각파이프 각도기 소켓(45도),각도기,Ø50.8,45°, ,G-039.jpg
G-269,직각파이프 각도기 소켓(45도),각도기,Ø63.5,45°, ,G-039.jpg
G-270,직각파이프 각도기 소켓(45도),각도기,Ø76.2,45°, ,G-039.jpg
G-271,직각파이프 각도기 소켓(45도),각도기,Ø101.6,45°, ,G-039.jpg
G-272,상캡,난간부속,Ø19.1,38용 / 90°,용접용,G-040.jpg
G-273,상캡,난간부속,Ø19.1,50용 / 90°,용접용,G-040.jpg
G-274,상캡,난간부속,Ø25.4,38용 / 90°,용접용,G-040.jpg
G-275,상캡,난간부속,Ø25.4,50용 / 90°,용접용,G-040.jpg
G-276,상캡,난간부속,Ø25.4,63용 / 90°,용접용,G-040.jpg
G-277,상캡,난간부속,Ø31.8,31용 / 90°,용접용,G-040.jpg
G-278,상캡,난간부속,Ø38.1,38용 / 90°,용접용,G-040.jpg
G-279,상캡,난간부속,Ø19.1,38용 / 45°,용접용,G-040.jpg
G-280,상캡,난간부속,Ø19.1,50용 / 45°,용접용,G-040.jpg
G-281,상캡,난간부속,Ø25.4,38용 / 45°,용접용,G-040.jpg
G-282,상캡,난간부속,Ø25.4,50용 / 45°,용접용,G-040.jpg
G-283,상캡,난간부속,Ø25.4,63용 / 45°,용접용,G-040.jpg
G-284,상캡,난간부속,Ø31.8,31용 / 45°,용접용,G-040.jpg
G-285,상캡,난간부속,Ø38.1,38용 / 45°,용접용,G-040.jpg
G-286,상캡 비용접(발),난간부속,Ø19.1,90°,비용접용 (발),G-041.jpg
G-287,상캡 비용접(발),난간부속,Ø25.4,90°,비용접용 (발),G-041.jpg
G-288,상캡 비용접(발),난간부속,Ø31.8,90°,비용접용 (발),G-041.jpg
G-289,상캡 비용접(발),난간부속,Ø38.1,90°,비용접용 (발),G-041.jpg
G-290,상캡 비용접(발),난간부속,Ø19.1,45°,비용접용 (발),G-041.jpg
G-291,상캡 비용접(발),난간부속,Ø25.4,45°,비용접용 (발),G-041.jpg
G-292,상캡 비용접(발),난간부속,Ø31.8,45°,비용접용 (발),G-041.jpg
G-293,상캡 비용접(발),난간부속,Ø38.1,45°,비용접용 (발),G-041.jpg
G-294,상캡 비용접(고무),난간부속,Ø25.4,90°,,G-042.jpg
G-295,상캡 비용접(고무),난간부속,Ø25.4,45°,,G-043.jpg
G-296,각파이프용(평),난간부속,Ø25.4,90°,,G-044.jpg
G-297,각파이프용(평),난간부속,Ø25.4,45°,,G-045.jpg
G-298,파이프 홀더, ,Ø25.4,A.Ø6홀 / B.Ø12홀,,G-046.jpg
G-299,파이프 홀더, ,Ø31.8,A.Ø6홀 / B.Ø12홀,,G-046.jpg
G-300,파이프 홀더, ,Ø38.1,A.Ø6홀 / B.Ø12홀,,G-046.jpg
G-301,파이프 홀더, ,Ø50.8,A.Ø6홀 / B.Ø12홀,,G-046.jpg
G-302,컵홀더, ,Ø38.1, ,,G-047.jpg
G-303,컵홀더, ,Ø50.8, ,,G-047.jpg
G-304,롱 홀더, ,Ø25.4,A.246,,G-048.jpg
G-305,롱 홀더, ,Ø38.1,A254,,G-048.jpg
G-306,롱 홀더, ,Ø50.8,A260,,G-048.jpg
G-307,핸드레일부속(벽용), 핸드레일 부속,Ø38.1 / Ø50.8, ,겸용,G-049.jpg
G-308,새들, ,Ø38.1, , ,G-050.jpg
G-309,새들, ,Ø50.8, , ,G-050.jpg
G-310,새들, ,Ø60.5, , ,G-050.jpg
G-311,새들, ,Ø63.5, , ,G-050.jpg
G-312,새들, ,Ø76.3, , ,G-050.jpg
G-313,새들, ,Ø89.1, , ,G-050.jpg
G-314,새들, ,Ø101.6, , ,G-050.jpg
G-315,새들, ,Ø114.3, , ,G-050.jpg
G-316,새들, ,Ø127, , ,G-050.jpg
G-317,새들, ,Ø152.4, , ,G-050.jpg
G-318,스텐 용접 마구리(1:1용접),스텐 마구리,Ø19.1, , ,G-051.jpg
G-319,스텐 용접 마구리(1:1용접),스텐 마구리,Ø22.3, , ,G-051.jpg
G-320,스텐 용접 마구리(1:1용접),스텐 마구리,Ø25.4, , ,G-051.jpg
G-321,스텐 용접 마구리(1:1용접),스텐 마구리,Ø31.8, , ,G-051.jpg
G-322,스텐 용접 마구리(1:1용접),스텐 마구리,Ø38.1, , ,G-051.jpg
G-323,스텐 용접 마구리(1:1용접),스텐 마구리,Ø50.8, , ,G-051.jpg
G-324,스텐 용접 마구리(1:1용접),스텐 마구리,Ø63.5, , ,G-051.jpg
G-325,스텐 용접 마구리(1:1용접),스텐 마구리,Ø76.2, , ,G-051.jpg
G-326,스텐 용접 마구리(1:1용접),스텐 마구리,Ø89.1, , ,G-051.jpg
G-327,스텐 용접 마구리(1:1용접),스텐 마구리,Ø101.6, , ,G-051.jpg
G-328,스텐 용접 마구리(1:1용접),스텐 마구리,Ø127, , 폴리싱,G-051.jpg
G-329,스텐 용접 마구리(1:1용접),스텐 마구리,Ø152.4, , 폴리싱,G-051.jpg
G-330,스텐 용접 마구리(1:1용접),스텐 마구리,Ø165, , 폴리싱,G-051.jpg
G-331,스텐 용접 마구리(1:1용접),스텐 마구리,Ø216,大, 폴리싱,G-051.jpg
G-332,스텐 용접 마구리(1:1용접),스텐 마구리,Ø216,小, 폴리싱,G-051.jpg
G-333,스텐 사각 덮개 마구리,스텐 마구리,30*50, , ,G-052.jpg
G-334,스텐 사각 덮개 마구리,스텐 마구리,40*40, , ,G-052.jpg
G-335,스텐 사각 덮개 마구리,스텐 마구리,50*50, , ,G-052.jpg
G-336,스텐 사각 덮개 마구리,스텐 마구리,50*70, , ,G-052.jpg
G-337,스텐 사각 덮개 마구리,스텐 마구리,75*75, , ,G-052.jpg
G-338,스텐 사각 덮개 마구리,스텐 마구리,80*80, , ,G-052.jpg
G-339,스텐 사각 덮개 마구리,스텐 마구리,100*50, , ,G-052.jpg
G-340,스텐 사각 덮개 마구리,스텐 마구리,100*100, , ,G-052.jpg
G-341,스텐 덮개 마구리,스텐 마구리,Ø19.1, , ,G-053.jpg
G-342,스텐 덮개 마구리,스텐 마구리,Ø25.4, , ,G-053.jpg
G-343,스텐 덮개 마구리,스텐 마구리,Ø31.8, , ,G-053.jpg
G-344,스텐 덮개 마구리,스텐 마구리,Ø38.1, , ,G-053.jpg
G-345,스텐 덮개 마구리,스텐 마구리,Ø50.8, , ,G-053.jpg
G-346,스텐 덮개 마구리,스텐 마구리,Ø63.5, , ,G-053.jpg
G-347,스텐 덮개 마구리,스텐 마구리,Ø76.2, , ,G-053.jpg
G-348,스텐 덮개 마구리,스텐 마구리,Ø101.6, , ,G-053.jpg
G-349,스텐 덮개 마구리,스텐 마구리,Ø127, , ,G-053.jpg
G-350,스텐 덮개 마구리,스텐 마구리,Ø152.4, , ,G-053.jpg
G-351,스텐 덮개 마구리,스텐 마구리,Ø165.2, , ,G-053.jpg
G-352,스텐 사각 용접 마구리,스텐 마구리,20*20, ,1:1용접,G-054.jpg
G-353,스텐 사각 용접 마구리,스텐 마구리,20*40, ,1:1용접,G-054.jpg
G-354,스텐 사각 용접 마구리,스텐 마구리,25*25, ,1:1용접,G-054.jpg
G-355,스텐 사각 용접 마구리,스텐 마구리,30*30, ,1:1용접,G-054.jpg
G-356,스텐 사각 용접 마구리,스텐 마구리,30*50, ,1:1용접,G-054.jpg
G-357,스텐 사각 용접 마구리,스텐 마구리,30*70, ,1:1용접,G-054.jpg
G-358,스텐 사각 용접 마구리,스텐 마구리,40*40, ,1:1용접,G-054.jpg
G-359,스텐 사각 용접 마구리,스텐 마구리,40*60, ,1:1용접,G-054.jpg
G-360,스텐 사각 용접 마구리,스텐 마구리,40*80, ,1:1용접,G-054.jpg
G-361,스텐 사각 용접 마구리,스텐 마구리,50*50, ,1:1용접,G-054.jpg
G-362,스텐 사각 용접 마구리,스텐 마구리,50*70, ,1:1용접,G-054.jpg
G-363,스텐 사각 용접 마구리,스텐 마구리,50*100, ,1:1용접,G-054.jpg
G-364,스텐 사각 용접 마구리,스텐 마구리,60*60, ,1:1용접,G-054.jpg
G-365,스텐 사각 용접 마구리,스텐 마구리,70*70, ,1:1용접,G-054.jpg
G-366,스텐 사각 용접 마구리,스텐 마구리,75*75, ,1:1용접,G-054.jpg
G-367,스텐 사각 용접 마구리,스텐 마구리,80*80, ,1:1용접,G-054.jpg
G-368,스텐 사각 용접 마구리,스텐 마구리,100*100, ,1:1용접,G-054.jpg
G-369,스텐 속(층)마구리,스텐 마구리,Ø19.1, , ,G-055.jpg
G-370,스텐 속(층)마구리,스텐 마구리,Ø25.4, , ,G-055.jpg
G-371,스텐 속(층)마구리,스텐 마구리,Ø31.8, , ,G-055.jpg
G-372,스텐 속(층)마구리,스텐 마구리,Ø38.1, , ,G-055.jpg
G-373,스텐 속(층)마구리,스텐 마구리,Ø50.8, , ,G-055.jpg
G-374,스텐 속(층)마구리,스텐 마구리,Ø63.5, , ,G-055.jpg
G-375,스텐 속(층)마구리,스텐 마구리,Ø76.2, , ,G-055.jpg
G-376,스텐 속(층)마구리,스텐 마구리,Ø101.6, , ,G-055.jpg
G-377,볼속(층)마구리,스텐 마구리,Ø38.0, , ,G-056.jpg
G-378,볼속(층)마구리,스텐 마구리,Ø50.0, , ,G-056.jpg
G-379,볼속(층)마구리,스텐 마구리,Ø63.0, , ,G-056.jpg
G-380,볼속(층)마구리,스텐 마구리,Ø76.2, , ,G-056.jpg
G-381,스텐캡(하캡),스텐 캡,A.Ø15.8 / B.Ø51, , 내경(A)/외경(B),G-057.jpg
G-382,스텐캡(하캡),스텐 캡,A.Ø19.1 / B.Ø51, , 내경(A)/외경(B),G-057.jpg
G-383,스텐캡(하캡),스텐 캡,A.Ø22.3 / B.Ø51, , 내경(A)/외경(B),G-057.jpg
G-384,스텐캡(하캡),스텐 캡,A.Ø25.4 / B.Ø54, , 내경(A)/외경(B),G-057.jpg
G-385,스텐캡(하캡),스텐 캡,A.Ø31.8 / B.Ø54, , 내경(A)/외경(B),G-057.jpg
G-386,스텐캡(하캡),스텐 캡,A.Ø38.1 / B.Ø61, , 내경(A)/외경(B),G-057.jpg
G-387,스텐캡(하캡),스텐 캡,A.Ø50.8 / B.Ø75, , 내경(A)/외경(B),G-057.jpg
G-388,스텐캡(하캡),스텐 캡,A.Ø63.5 / B.Ø90, , 내경(A)/외경(B),G-057.jpg
G-389,스텐캡(하캡),스텐 캡,A.Ø76.2 / B.Ø104, , 내경(A)/외경(B),G-057.jpg
G-390,스텐캡(하캡),스텐 캡,A.Ø89.1 / B.Ø125, , 내경(A)/외경(B),G-057.jpg
G-391,스텐캡(하캡),스텐 캡,A.Ø101.6 / B.Ø173, , 내경(A)/외경(B),G-057.jpg
G-392,스텐캡(하캡),스텐 캡,A.Ø127 / B.Ø173, , 내경(A)/외경(B),G-057.jpg
G-393,스텐캡(하캡),스텐 캡,A.Ø152.4 / B.Ø200, , 내경(A)/외경(B),G-057.jpg
G-394,스텐캡(하캡),스텐 캡,A.Ø165.2 / B.Ø217, , 내경(A)/외경(B),G-057.jpg
G-395,스텐캡(하캡),스텐 캡,A.Ø216.3 / B.Ø305, , 내경(A)/외경(B),G-057.jpg
G-396,스텐캡45도 캡(경사캡),스텐 캡,A.Ø25.4 / B.Ø54,45°, 내경(A)/외경(B),G-058.jpg
G-397,스텐캡45도 캡(경사캡),스텐 캡,A.Ø31.8 / B.Ø61,45°, 내경(A)/외경(B),G-058.jpg
G-398,스텐캡45도 캡(경사캡),스텐 캡,A.Ø38.1 / B.Ø78,45°, 내경(A)/외경(B),G-058.jpg
G-399,스텐캡45도 캡(경사캡),스텐 캡,A.Ø50.8 / B.Ø96,45°, 내경(A)/외경(B),G-058.jpg
G-400,스텐캡45도 캡(경사캡),스텐 캡,A.Ø63.5 / B.Ø105,45°, 내경(A)/외경(B),G-058.jpg
G-401,스텐캡45도 캡(경사캡),스텐 캡,A.Ø76.2 / B.Ø128,45°, 내경(A)/외경(B),G-058.jpg
G-402,스텐캡45도 캡(경사캡),스텐 캡,A.Ø101.6 / B.Ø173,45°, 내경(A)/외경(B),G-058.jpg
G-403,스텐특캡,스텐 캡,A.Ø76.2 / B.Ø183, , 내경(A)/외경(B),G-059.jpg
G-404,스텐특캡,스텐 캡,A.Ø101.6 / B.Ø168,小, 내경(A)/외경(B),G-059.jpg
G-405,스텐특캡,스텐 캡,A.Ø101.6 / B.Ø210,大, 내경(A)/외경(B),G-059.jpg
G-406,스텐특캡,스텐 캡,A.Ø127 / B.Ø210,, 내경(A)/외경(B),G-059.jpg
G-407,스텐특캡,스텐 캡,A.Ø152.4 / B.Ø210,, 내경(A)/외경(B),G-059.jpg
G-408,스텐캡(확관파이프용),스텐 캡,A.Ø35 / B.Ø61,, 내경(A)/외경(B),G-060.jpg
G-409,스텐캡(확관파이프용),스텐 캡,A.Ø43.5 / B.Ø61,, 내경(A)/외경(B),G-060.jpg
G-410,스텐캡(확관파이프용),스텐 캡,A.Ø56 / B.Ø79,, 내경(A)/외경(B),G-060.jpg
G-411,스텐캡(小),스텐 캡,A.Ø19.1 / B.Ø29,, 내경(A)/외경(B),G-061.jpg
G-412,스텐캡(小),스텐 캡,A.Ø19.1 / B.Ø40,, 내경(A)/외경(B),G-061.jpg
G-413,스텐캡(小),스텐 캡,A.Ø22.3 / B.Ø40,, 내경(A)/외경(B),G-061.jpg
G-414,스텐캡(小),스텐 캡,A.Ø25.4 / B.Ø40,, 내경(A)/외경(B),G-061.jpg
G-415,스텐캡(小),스텐 캡,A.Ø50.8 / B.Ø65,, 내경(A)/외경(B),G-061.jpg
G-416,가로등 캡,스텐 캡,A.Ø76.2 / B.Ø250 / H100,"분리형,일체형", 내경(A)/외경(B)/높이(H),G-062.jpg
G-417,가로등 캡,스텐 캡,A.Ø101.6 / B.Ø250 / H100,"분리형,일체형", 내경(A)/외경(B)/높이(H),G-062.jpg
G-418,가로등 캡,스텐 캡,A.Ø127 / B.Ø250 / H100,"분리형,일체형", 내경(A)/외경(B)/높이(H),G-062.jpg
G-419,가로등 캡,스텐 캡,A.Ø152.4 / B.Ø310 / H180,"분리형,일체형", 내경(A)/외경(B)/높이(H),G-062.jpg
G-420,가로등 캡,스텐 캡,A.Ø165 / B.Ø360 / H205,"분리형,일체형", 내경(A)/외경(B)/높이(H),G-062.jpg
G-421,가로등 캡,스텐 캡,A.Ø216 / B.Ø420 / H220,"분리형,일체형", 내경(A)/외경(B)/높이(H),G-062.jpg
G-422,가로등 캡,스텐 캡,A.Ø216 / B.Ø440 / H235,"분리형,일체형", 내경(A)/외경(B)/높이(H),G-062.jpg
G-423,스텐 베이스판,베이스판,100*100,"4T, 홀Ø15",비규격 사이즈도 제작 가능,G-063.jpg
G-424,스텐 베이스판,베이스판,120*120,"4T, 홀Ø15",비규격 사이즈도 제작 가능,G-063.jpg
G-425,스텐 베이스판,베이스판,150*150,"4T, 홀Ø15",비규격 사이즈도 제작 가능,G-063.jpg
G-426,스텐 베이스판,베이스판,120*120,"6T, 홀Ø15",비규격 사이즈도 제작 가능,G-063.jpg
G-427,스텐 베이스판,베이스판,150*150,"6T, 홀Ø15",비규격 사이즈도 제작 가능,G-063.jpg
G-428,스텐 베이스판,베이스판,200*200,"6T, 홀Ø20",비규격 사이즈도 제작 가능,G-063.jpg
G-429,스텐 베이스판,베이스판,150*150,"8T, 홀Ø15",비규격 사이즈도 제작 가능,G-063.jpg
G-430,스텐 베이스판,베이스판,200*200,"8T, 홀Ø20",비규격 사이즈도 제작 가능,G-063.jpg
G-431,스텐 베이스판,베이스판,250*250,"8T, 홀Ø20",비규격 사이즈도 제작 가능,G-063.jpg
G-432,스텐캡(원+사각),캡,AxA1 / 6*31,B.60,내경(AxA1)/외경Ø(B),G-064.jpg
G-433,스텐캡(원+사각),캡,AxA1 / 6*52,B.78,내경(AxA1)/외경Ø(B),G-064.jpg
G-434,스텐캡(원+사각),캡,AxA1 / 7*39,B.60,내경(AxA1)/외경Ø(B),G-064.jpg
G-435,스텐캡(원+사각),캡,AxA1 / 8*52,B.78,내경(AxA1)/외경Ø(B),G-064.jpg
G-436,스텐캡(원+사각),캡,AxA1 / 10*26,B.51,내경(AxA1)/외경Ø(B),G-064.jpg
G-437,스텐캡(원+사각),캡,AxA1 / 10*51,B.78,내경(AxA1)/외경Ø(B),G-064.jpg
G-438,스텐캡(원+사각),캡,AxA1 / 10*76,B.104,내경(AxA1)/외경Ø(B),G-064.jpg
G-439,스텐캡(원+사각),캡,AxA1 / 11*33,B.60,내경(AxA1)/외경Ø(B),G-064.jpg
G-440,스텐캡(원+사각),캡,AxA1 / 11*40,B.60,내경(AxA1)/외경Ø(B),G-064.jpg
G-441,스텐캡(원+사각),캡,AxA1 / 13*41,B.60,내경(AxA1)/외경Ø(B),G-064.jpg
G-442,스텐캡(원+사각),캡,AxA1 / 13*51,B.78,내경(AxA1)/외경Ø(B),G-064.jpg
G-443,스텐캡(원+사각),캡,AxA1 / 16*16,B.51,내경(AxA1)/외경Ø(B),G-064.jpg
G-444,스텐캡(원+사각),캡,AxA1 / 20*30,B.60,내경(AxA1)/외경Ø(B),G-064.jpg
G-445,스텐캡(원+사각),캡,AxA1 / 21*21,B.51,내경(AxA1)/외경Ø(B),G-064.jpg
G-446,스텐캡(원+사각),캡,AxA1 / 21*41,B.60,내경(AxA1)/외경Ø(B),G-064.jpg
G-447,스텐캡(원+사각),캡,AxA1 / 21*61,B.95,내경(AxA1)/외경Ø(B),G-064.jpg
G-448,스텐캡(원+사각),캡,AxA1 / 26*26,B.60,내경(AxA1)/외경Ø(B),G-064.jpg
G-449,스텐캡(원+사각),캡,AxA1 / 31*41,B.78,내경(AxA1)/외경Ø(B),G-064.jpg
G-450,스텐캡(원+사각),캡,AxA1 / 31*51,B.75,내경(AxA1)/외경Ø(B),G-064.jpg
G-451,스텐캡(원+사각),캡,AxA1 / 31*71,B.104,내경(AxA1)/외경Ø(B),G-064.jpg
G-452,스텐캡(원+사각),캡,AxA1 / 32*32,B.60,내경(AxA1)/외경Ø(B),G-064.jpg
G-453,스텐캡(원+사각),캡,AxA1 / 41*41,B.78,내경(AxA1)/외경Ø(B),G-064.jpg
G-454,스텐캡(원+사각),캡,AxA1 / 42*62,B.104,내경(AxA1)/외경Ø(B),G-064.jpg
G-455,스텐캡(원+사각),캡,AxA1 / 46*76,B.117,내경(AxA1)/외경Ø(B),G-064.jpg
G-456,스텐캡(원+사각),캡,AxA1 / 51*51,B.95,내경(AxA1)/외경Ø(B),G-064.jpg
G-457,스텐캡(사각+사각),캡,AxA' / 11*11,BxB' / 30*30,내경(AxA1)/외경(BxB'),G-065.jpg
G-458,스텐캡(정사각+정사각),캡,AxA' / 16*16,BxB' / 40*40,내경(AxA1)/외경(BxB'),G-065.jpg
G-459,스텐캡(정사각+정사각),캡,AxA' / 21*21,BxB' / 40*40,내경(AxA1)/외경(BxB'),G-065.jpg
G-460,스텐캡(정사각+정사각),캡,AxA' / 26*26,BxB' / 50*50,내경(AxA1)/외경(BxB'),G-065.jpg
G-461,스텐캡(정사각+정사각),캡,AxA' / 31*31,BxB' / 50*50,내경(AxA1)/외경(BxB'),G-065.jpg
G-462,스텐캡(정사각+정사각),캡,AxA' / 41*41,BxB' / 76*76,내경(AxA1)/외경(BxB'),G-065.jpg
G-463,스텐캡(정사각+정사각),캡,AxA' / 52*52,BxB' / 76*76,내경(AxA1)/외경(BxB'),G-065.jpg
G-464,스텐캡(정사각+정사각),캡,AxA' / 61*61,BxB' / 88*88,내경(AxA1)/외경(BxB'),G-065.jpg
G-465,스텐캡(정사각+정사각),캡,AxA' /72*72,BxB' / 116*116,내경(AxA1)/외경(BxB'),G-065.jpg
G-466,스텐캡(정사각+정사각),캡,AxA' / 76*76,BxB' / 116*116,내경(AxA1)/외경(BxB'),G-065.jpg
G-467,스텐캡(정사각+정사각),캡,AxA' / 82*82,BxB' / 116*116,내경(AxA1)/외경(BxB'),G-065.jpg
G-468,스텐캡(정사각+정사각),캡,AxA' / 102*102,BxB' / 155*155,내경(AxA1)/외경(BxB'),G-065.jpg
G-469,스텐캡(사각+사각),캡,AxA' / 3*30,BxB' / 30*50,내경(AxA1)/외경(BxB'),G-066.jpg
G-470,스텐캡(사각+사각),캡,AxA' / 5*50,BxB' / 30*70,내경(AxA1)/외경(BxB'),G-066.jpg
G-471,스텐캡(사각+사각),캡,AxA' / 6*53,BxB' / 30*70,내경(AxA1)/외경(BxB'),G-066.jpg
G-472,스텐캡(사각+사각),캡,AxA' / 6*60,BxB' / 40*104,내경(AxA1)/외경(BxB'),G-066.jpg
G-473,스텐캡(사각+사각),캡,AxA' / 7*31,BxB' / 40*60,내경(AxA1)/외경(BxB'),G-066.jpg
G-474,스텐캡(사각+사각),캡,AxA' / 7*69,BxB' / 30*70,내경(AxA1)/외경(BxB'),G-066.jpg
G-475,스텐캡(사각+사각),캡,AxA' /7*66,BxB' / 40*104,내경(AxA1)/외경(BxB'),G-066.jpg
G-476,스텐캡(사각+사각),캡,AxA' / 8*52,BxB' / 30*70,내경(AxA1)/외경(BxB'),G-066.jpg
G-477,스텐캡(사각+사각),캡,AxA' / 10*26,BxB' / 30*50,내경(AxA1)/외경(BxB'),G-066.jpg
G-478,스텐캡(사각+사각),캡,AxA' / 10*51,BxB' / 30*70,내경(AxA1)/외경(BxB'),G-066.jpg
G-479,스텐캡(사각+사각),캡,AxA' / 10*51(大),BxB' / 60*104,내경(AxA1)/외경(BxB'),G-066.jpg
G-480,스텐캡(사각+사각),캡,AxA' / 10*61,BxB' / 40*104,내경(AxA1)/외경(BxB'),G-066.jpg
G-481,스텐캡(사각+사각),캡,AxA' / 10*66,BxB' / 40*104,내경(AxA1)/외경(BxB'),G-066.jpg
G-482,스텐캡(사각+사각),캡,AxA' / 10*76,BxB' / 40*104,내경(AxA1)/외경(BxB'),G-066.jpg
G-483,스텐캡(사각+사각),캡,AxA' / 11*21,BxB' / 30*50,내경(AxA1)/외경(BxB'),G-066.jpg
G-484,스텐캡(사각+사각),캡,AxA' / 11*33,BxB' / 30*70,내경(AxA1)/외경(BxB'),G-066.jpg
G-485,스텐캡(사각+사각),캡,AxA' / 11*41,BxB' / 30*70,내경(AxA1)/외경(BxB'),G-066.jpg
G-486,스텐캡(사각+사각),캡,AxA' / 11*110,BxB' / 96*146,내경(AxA1)/외경(BxB'),G-066.jpg
G-487,스텐캡(사각+사각),캡,AxA' / 13*39,BxB' / 30*70,내경(AxA1)/외경(BxB'),G-066.jpg
G-488,스텐캡(사각+사각),캡,AxA' / 13*51,BxB' / 30*70,내경(AxA1)/외경(BxB'),G-066.jpg
G-489,스텐캡(사각+사각),캡,AxA' / 13*66,BxB' / 40*104,내경(AxA1)/외경(BxB'),G-066.jpg
G-490,스텐캡(사각+사각),캡,AxA' / 13*76,BxB' / 40*104,내경(AxA1)/외경(BxB'),G-066.jpg
G-491,스텐캡(사각+사각),캡,AxA' / 16*26,BxB' / 40*60,내경(AxA1)/외경(BxB'),G-066.jpg
G-492,스텐캡(사각+사각),캡,AxA' / 16*36,BxB' / 40*60,내경(AxA1)/외경(BxB'),G-066.jpg
G-493,스텐캡(사각+사각),캡,AxA' / 20*30,BxB' / 40*60,내경(AxA1)/외경(BxB'),G-066.jpg
G-494,스텐캡(사각+사각),캡,AxA' / 21*41,BxB' / 40*60,내경(AxA1)/외경(BxB'),G-066.jpg
G-495,스텐캡(사각+사각),캡,AxA' / 21*61,BxB' / 53*108,내경(AxA1)/외경(BxB'),G-066.jpg
G-496,스텐캡(사각+사각),캡,AxA' / 25*80,BxB' / 53*108,내경(AxA1)/외경(BxB'),G-066.jpg
G-497,스텐캡(사각+사각),캡,AxA' / 31*41,BxB' / 50*70,내경(AxA1)/외경(BxB'),G-066.jpg
G-498,스텐캡(사각+사각),캡,AxA' / 31*51,BxB' / 50*70,내경(AxA1)/외경(BxB'),G-066.jpg
G-499,스텐캡(사각+사각),캡,AxA' / 31*71,BxB' / 65*104,내경(AxA1)/외경(BxB'),G-066.jpg
G-500,스텐캡(사각+사각),캡,AxA' / 35*75,BxB' / 40*60,내경(AxA1)/외경(BxB'),G-066.jpg
G-501,스텐캡(사각+사각),캡,AxA' / 41*76,BxB' / 78*117,내경(AxA1)/외경(BxB'),G-066.jpg
G-502,스텐캡(사각+사각),캡,AxA' / 41*101,BxB' / 96*146,내경(AxA1)/외경(BxB'),G-066.jpg
G-503,스텐캡(사각+사각),캡,AxA' / 41*121,BxB' / 71*151,내경(AxA1)/외경(BxB'),G-066.jpg
G-504,스텐캡(사각+사각),캡,AxA' / 42*92,BxB' / 65*104,내경(AxA1)/외경(BxB'),G-066.jpg
G-505,스텐캡(사각+사각),캡,AxA' / 42*81,BxB' / 78*117,내경(AxA1)/외경(BxB'),G-066.jpg
G-506,스텐캡(사각+사각),캡,AxA' / 46*76,BxB' / 78*117,내경(AxA1)/외경(BxB'),G-066.jpg
G-507,스텐캡(사각+사각),캡,AxA' / 51*72,BxB' / 78*117,내경(AxA1)/외경(BxB'),G-066.jpg
G-508,스텐캡(사각+사각),캡,AxA' / 51*91,BxB' / 78*117,내경(AxA1)/외경(BxB'),G-066.jpg
G-509,스텐캡(사각+사각),캡,AxA' / 51*101,BxB' / 96*146,내경(AxA1)/외경(BxB'),G-066.jpg
G-510,스텐캡(사각+사각),캡,AxA' / 61*91,BxB' / 96*146,내경(AxA1)/외경(BxB'),G-066.jpg
G-511,스텐캡(사각+사각),캡,AxA' / 61*101,BxB' / 96*146,내경(AxA1)/외경(BxB'),G-066.jpg
G-512,스텐 접와샤,와샤,Ø101.6,,T1.0,G-067.jpg
G-513,스텐 접와샤,와샤,Ø76.2,,T1.0,G-067.jpg
G-514,스텐 접와샤,와샤,Ø63.5,,T1.0,G-067.jpg
G-515,스텐 접와샤,와샤,Ø50.8,,T1.0,G-068.jpg
G-516,스텐 접와샤,와샤,Ø38.1,,T1.0,G-068.jpg
G-517,스텐 접와샤,와샤,Ø31.8,,T1.0,G-068.jpg
G-518,스텐 접와샤,와샤,Ø25.4,"내경 Ø6, 8, 12",T3.0,G-068.jpg
G-519,스텐 R곡와샤,와샤,Ø101.6,외경 Ø110,T3.0,G-069.jpg
G-520,스텐 R곡와샤,와샤,Ø76.2,외경 Ø82,T3.0,G-069.jpg
G-521,스텐 R곡와샤,와샤,Ø63.5,외경 Ø72,T3.0,G-069.jpg
G-522,스텐 R곡와샤,와샤,Ø50.8,외경 Ø56,T3.0,G-070.jpg
G-523,스텐 R곡와샤,와샤,Ø38.1,외경 Ø42,T3.0,G-070.jpg
G-524,스텐 R곡와샤,와샤,Ø31.8,외경 Ø35,T3.0,G-070.jpg
G-525,스텐 R곡와샤,와샤,Ø25.4,외경 Ø35,T3.0,G-070.jpg
G-526,스텐 평와샤,와샤,Ø101.6,외경 Ø110,T3.0 / 홀Ø15,G-071.jpg
G-527,스텐 평와샤,와샤,Ø76.2,외경 Ø82,T3.0 / 홀Ø15,G-071.jpg
G-528,스텐 평와샤,와샤,Ø63.5,외경 Ø72,T3.0 / 홀Ø15,G-071.jpg
G-529,스텐 평와샤,와샤,Ø50.8,외경 Ø56,T3.0 / 홀Ø12,G-072.jpg
G-530,스텐 평와샤,와샤,Ø38.1,외경 Ø42,T3.0 / 홀Ø12,G-072.jpg
G-531,스텐 평와샤,와샤,Ø31.8,외경 Ø38,T3.0 / 홀Ø12,G-072.jpg
G-532,스텐 평와샤,와샤,Ø25.4,외경 Ø30,T3.0 / 홀Ø12,G-072.jpg
G-533,오메가 분리형 고리,,3T*Ø38,폭18mm/홀Ø5,밑판 30*100mm,G-073.jpg
G-534,안전봉 고리,,2T*Ø38.1,폭20mm/홀Ø5,,G-074.jpg
G-535,안전봉 고리,,2T*Ø50.8,폭20mm/홀Ø5,,G-075.jpg
G-536,안전봉 고리,,3T*Ø38.1,폭30mm/홀Ø6.6,,G-076.jpg
G-537,안전봉 고리,,3T*Ø50.8,폭30mm/홀Ø9.9,,G-077.jpg
G-538,스텐 단구,단구/양구,Ø15.8,목높이 21,,G-078.jpg
G-539,스텐 단구,단구/양구,Ø19.1,목높이 21,,G-078.jpg
G-540,스텐 단구,단구/양구,Ø25.4,목높이 20,,G-078.jpg
G-541,스텐 단구,단구/양구,Ø31.8,목높이 20,,G-078.jpg
G-542,스텐 단구,단구/양구,Ø38.1,목높이 30,,G-078.jpg
G-543,스텐 단구,단구/양구,Ø50.8,목높이 35,,G-078.jpg
G-544,스텐 단구,단구/양구,Ø63.5,목높이 35,,G-078.jpg
G-545,스텐 양구,단구/양구,Ø15.8,목높이 21,,G-079.jpg
G-546,스텐 양구,단구/양구,Ø19.1,목높이 21,,G-079.jpg
G-547,스텐 양구,단구/양구,Ø25.4,목높이 20,,G-079.jpg
G-548,스텐 양구,단구/양구,Ø31.8,목높이 20,,G-079.jpg
G-549,스텐 양구,단구/양구,Ø38.1,목높이 30,,G-079.jpg
G-550,스텐 양구,단구/양구,Ø50.8,목높이 35,,G-079.jpg
G-551,스텐 양구,단구/양구,Ø63.5,목높이 35,,G-079.jpg
G-552,스텐 단구(높이 조절용),단구/양구,Ø25.4,목높이 조절용,,G-080.jpg
G-553,스텐 단구(높이 조절용),단구/양구,Ø31.8,목높이 조절용,,G-080.jpg
G-554,스텐 단구(높이 조절용),단구/양구,Ø38.1,목높이 조절용,,G-080.jpg
G-555,스텐 단구(높이 조절용),단구/양구,Ø50.8,목높이 조절용,,G-080.jpg
G-556,스텐 양구(높이 조절용),단구/양구,Ø25.4,목높이 조절용,,G-081.jpg
G-557,스텐 양구(높이 조절용),단구/양구,Ø31.8,목높이 조절용,,G-081.jpg
G-558,스텐 양구(높이 조절용),단구/양구,Ø38.1,목높이 조절용,,G-081.jpg
G-559,스텐 양구(높이 조절용),단구/양구,Ø50.8,목높이 조절용,,G-081.jpg
G-560,스텐 단구,단구/양구,Ø38.1,목높이 55,밑판 42*70,G-082.jpg
G-561,스텐 단구,단구/양구,Ø50.8,목높이 55,밑판 42*81,G-082.jpg
G-562,스텐 양구,단구/양구,Ø38.1,목높이 55,밑판 42*70,G-083.jpg
G-563,스텐 양구,단구/양구,Ø50.8,목높이 55,밑판 42*81,G-083.jpg
G-564,스텐 후렌지 캡,후렌지,A.Ø25.4 / B.Ø58 / H.18,,,G-084.jpg
G-565,스텐 후렌지 캡,후렌지,A.Ø31.8 / B.Ø66 / H.20,,,G-084.jpg
G-566,스텐 후렌지 캡,후렌지,A.Ø38.1 / B.Ø71 / H.22,,,G-084.jpg
G-567,스텐 후렌지 캡,후렌지,A.Ø50.8 / B.Ø84 / H.23,,,G-084.jpg
G-568,스텐 후렌지 캡,후렌지,A.Ø63.5 / B.Ø101 / H.26,,,G-084.jpg
G-569,스텐 후렌지 캡,후렌지,A.Ø76.2 / B.Ø115 / H.29,,,G-084.jpg
G-570,스텐 후렌지 캡,후렌지,A.Ø101.6 / B.Ø148 / H.32,,,G-084.jpg
G-571,스텐 후렌지,후렌지,A.Ø25.4 / B.Ø50 / H.14,,,G-085.jpg
G-572,스텐 후렌지,후렌지,A.Ø31.8 / B.Ø59 / H.14,,,G-085.jpg
G-53,스텐 후렌지,후렌지,A.Ø38.1 / B.Ø65 / H.15,,,G-085.jpg
G-574,스텐 후렌지,후렌지,A.Ø50.8 / B.Ø65 / H.20,,,G-085.jpg
G-575,스텐 후렌지,후렌지,A.Ø63.5 / B.Ø93 / H.23,,,G-085.jpg
G-576,스텐 후렌지,후렌지,A.Ø76.2 / B.Ø110 / H.23,,,G-085.jpg
G-577,스텐 후렌지,후렌지,A.Ø101.6 / B.Ø139 / H.27,,,G-085.jpg
G-578,볼탑(일체형),볼,Ø1)53 / Ø2)25.4,,,G-086.jpg
G-579,볼탑(일체형),볼,Ø1)60 / Ø2)31.8,,,G-086.jpg
G-580,볼탑(일체형),볼,Ø1)60 / Ø2)38.1,,,G-086.jpg
G-581,볼탑(일체형),볼,Ø1)75 / Ø2)38.1,,,G-086.jpg
G-582,볼탑(일체형),볼,Ø1)75 / Ø2)50.8,,,G-086.jpg
G-583,볼탑(일체형),볼,Ø1)80 / Ø2)50.8,,201,G-086.jpg
G-584,볼탑(일체형),볼,Ø1)90 / Ø2)63.5,,201,G-086.jpg
G-585,볼탑(일체형),볼,Ø1)90 / Ø2)50.8,,,G-086.jpg
G-586,볼탑(일체형),볼,Ø1)95 / Ø2)63.5,,,G-086.jpg
G-587,볼탑(일체형),볼,Ø1)110 / Ø2)63.5,,,G-086.jpg
G-588,볼탑(일체형),볼,Ø1)110 / Ø2)76.2,,,G-086.jpg
G-589,볼탑(일체형),볼,Ø1)125 / Ø2)63.5,,,G-086.jpg
G-590,볼탑(일체형),볼,Ø1)125 / Ø2)76.2,,,G-086.jpg
G-591,볼탑(일체형),볼,Ø1)150 / Ø2)101.6,,,G-086.jpg
G-592,볼탑(일체형),볼,Ø1)200 / Ø2)127,,,G-086.jpg
G-593,볼탑(일체형),볼,Ø1)200 / Ø2)152.4,,,G-086.jpg
G-594,반달 볼탑,볼,Ø1)75 / Ø2)38.1,,,G-087.jpg
G-595,반달 볼탑,볼,Ø1)75 / Ø2)50.8,,,G-087.jpg
G-596,반달 볼탑,볼,Ø1)90 / Ø2)50.8,,,G-087.jpg
G-597,반달 볼탑,볼,Ø1)95 / Ø2)63.5,,,G-087.jpg
G-598,반달 볼탑,볼,Ø1)110 / Ø2)63.5,,,G-087.jpg
G-599,반달 볼탑,볼,Ø1)110 / Ø2)76.2,,,G-087.jpg
G-600,반달 볼탑,볼,Ø1)125 / Ø2)63.5,,,G-087.jpg
G-601,반달 볼탑,볼,Ø1)125 / Ø2)76.2,,,G-087.jpg
G-602,반달 볼탑,볼,Ø1)150 / Ø2)101.6,,,G-087.jpg
G-603,반달 볼탑,볼,Ø1)200 / Ø2)127,,,G-087.jpg
G-604,반달 볼탑,볼,Ø1)200 / Ø2)152.4,,,G-087.jpg
G-605,핸드레일 부속(양방향 회전),핸드레일 부속,Ø15.8,볼 Ø19,양방향 회전,G-088.jpg
G-606,핸드레일 부속(양방향 회전),핸드레일 부속,Ø19.1,볼 Ø22,양방향 회전,G-088.jpg
G-607,핸드레일 부속(양방향 회전),핸드레일 부속,Ø25.4,볼 Ø35,양방향 회전,G-088.jpg
G-608,핸드레일 부속(양방향 회전),핸드레일 부속,Ø31.8,볼 Ø35,양방향 회전,G-088.jpg
G-609,핸드레일 부속(양방향 회전),핸드레일 부속,Ø38.1,볼 Ø40,양방향 회전,G-088.jpg
G-610,핸드레일 부속(양방향 회전),핸드레일 부속,Ø50.8,볼 Ø53,양방향 회전,G-088.jpg
G-611,핸드레일 부속(양방향 회전),핸드레일 부속,Ø63.5,볼 Ø60,양방향 회전,G-088.jpg
G-612,핸드레일 부속(3방향 회전),핸드레일 부속,Ø25.4,볼 Ø35,3방향 회전,G-089.jpg
G-613,핸드레일 부속(3방향 회전),핸드레일 부속,Ø31.8,볼 Ø35,3방향 회전,G-089.jpg
G-614,핸드레일 부속(3방향 회전),핸드레일 부속,Ø38.1,볼 Ø40,3방향 회전,G-089.jpg
G-615,핸드레일 부속(3방향 회전),핸드레일 부속,Ø50.8,볼 Ø53,3방향 회전,G-089.jpg
G-616,핸드레일 부속(3방향 회전),핸드레일 부속,Ø63.5,볼 Ø60,3방향 회전,G-089.jpg
G-617,스텐 공,볼,Ø35,,,G-090.jpg
G-618,스텐 공,볼,Ø40,,,G-090.jpg
G-619,스텐 공,볼,Ø53,,,G-090.jpg
G-620,스텐 공,볼,Ø60,,,G-090.jpg
G-621,스텐 공,볼,Ø75,,,G-090.jpg
G-622,스텐 공,볼,Ø90,,,G-090.jpg
G-623,스텐 공,볼,Ø95,,,G-090.jpg
G-624,스텐 공,볼,Ø100,,,G-090.jpg
G-625,스텐 공,볼,Ø110,,,G-090.jpg
G-626,스텐 공,볼,Ø125,,,G-090.jpg
G-627,스텐 공,볼,Ø150,,,G-090.jpg
G-628,스텐 공,볼,Ø200,,,G-090.jpg
G-629,스텐 공,볼,Ø250,,,G-090.jpg
G-630,스텐 공,볼,Ø300,,,G-090.jpg
G-631,스텐 공,볼,Ø400,,,G-090.jpg
G-632,스텐 공,볼,Ø500,,,G-090.jpg
G-633,스텐 공,볼,Ø800,,,G-090.jpg
G-634,스텐 공,볼,Ø1000,,,G-090.jpg
G-635,스텐 반공,볼,Ø35,,,G-091.jpg
G-636,스텐 반공,볼,Ø40,,,G-091.jpg
G-637,스텐 반공,볼,Ø53,,,G-091.jpg
G-638,스텐 반공,볼,Ø60,,,G-091.jpg
G-639,스텐 반공,볼,Ø75,,,G-091.jpg
G-640,스텐 반공,볼,Ø90,,,G-091.jpg
G-641,스텐 반공,볼,Ø95,,,G-091.jpg
G-642,스텐 반공,볼,Ø100,,,G-091.jpg
G-643,스텐 반공,볼,Ø110,,,G-091.jpg
G-644,스텐 반공,볼,Ø125,,,G-091.jpg
G-645,스텐 반공,볼,Ø150,,,G-091.jpg
G-646,스텐 반공,볼,Ø200,,,G-091.jpg
G-647,스텐 반공,볼,Ø250,,,G-091.jpg
G-648,스텐 반공,볼,Ø300,,,G-091.jpg
G-649,스텐 반공,볼,Ø400,,,G-091.jpg
G-650,스텐 반공,볼,Ø500,,,G-091.jpg
G-651,한쪽관통 공,볼,A.Ø38.1 / B.Ø95,,,G-092.jpg
G-652,한쪽 관통 공,볼,A.Ø50.8 / B.Ø95,,,G-092.jpg
G-653,한쪽 관통 공,볼,A.Ø63.5 / B.Ø95,,,G-092.jpg
G-654,양쪽 관통 공,볼,A.Ø38.1 / B.Ø95,,,G-093.jpg
G-655,양쪽 관통 공,볼,A.Ø50.8 / B.Ø95,,,G-093.jpg
G-656,양쪽 관통 공,볼,A.Ø63.5 / B.Ø95,,,G-093.jpg
G-657,양쪽 관통 공,볼,A.Ø63.5 / B.Ø95,,,G-093.jpg
G-658,볼 쪼인트,볼,Ø25.4,,,G-094.jpg
G-659,볼 쪼인트,볼,Ø31.8,,,G-094.jpg
G-660,볼 쪼인트,볼,Ø38.1,,,G-094.jpg
G-661,볼 쪼인트,볼,Ø50.8,,,G-094.jpg
G-662,볼 쪼인트,볼,Ø63.5,,,G-094.jpg
G-663,볼 쪼인트,볼,Ø76.2,,,G-094.jpg
G-664,볼 쪼인트,볼,Ø89.1,,,G-094.jpg
G-665,볼 쪼인트,볼,Ø101.6,,,G-094.jpg
G-666,볼 쪼인트,볼,Ø127,,,G-094.jpg
G-667,볼 쪼인트,볼,Ø152.4,,,G-094.jpg
G-668,스텐 소켓트,소켓트,A.Ø25.4 / B.56 / H.20,,,G-095.jpg
G-669,스텐 소켓트,소켓트,A.Ø31.8 / B.65 / H.23,,,G-095.jpg
G-670,스텐 소켓트,소켓트,A.Ø38.1 / B.77 / H.20,,,G-095.jpg
G-671,Ø25 원형 소켓트,소켓트,Ø25,,크롬,G-096.jpg
G-672,Ø25 U소켓트,소켓트,Ø25,,크롬,G-097.jpg
G-673,자바라 볼탑,볼,A.Ø53 / B.Ø38.1,,,G-098.jpg
G-674,스텐 국기봉,국기대 부속,Ø60,,특小,G-099.jpg
G-675,스텐 국기봉,국기대 부속,Ø75,,小,G-099.jpg
G-676,스텐 국기봉,국기대 부속,Ø95,,中,G-099.jpg
G-677,스텐 국기봉,국기대 부속,Ø125,,大,G-099.jpg
G-678,스텐 국기봉,국기대 부속,Ø150,,특大,G-099.jpg
G-679,도금(황동) 국기봉,국기대 부속,Ø75,,小,G-100.jpg
G-680,도금(황동) 국기봉,국기대 부속,Ø95,,中,G-100.jpg
G-681,도금(황동) 국기봉,국기대 부속,Ø125,,大,G-100.jpg
G-682,도금(황동) 국기봉,국기대 부속,Ø150,,특大,G-100.jpg
G-683,국기꽂이,국기대 부속,,,,G-101.jpg
G-684,국기꽂이 신형,국기대 부속,,,볼트 길이 35,G-102.jpg
G-685,국기꽂이 벽부,국기대 부속,,,,G-103.jpg
G-686,국기 로라,국기대 부속,,,,G-104.jpg
G-687,로프 걸이,국기대 부속,,,,G-105.jpg
G-688,이중 로프 걸이,국기대 부속,,,,G-106.jpg
G-689,국기대 롱볼트,국기대 부속,Ø50.8 / Ø63.5,230mm,小,G-107.jpg
G-690,국기대 롱볼트,국기대 부속,Ø76.2,270mm,中,G-108.jpg
G-691,국기대 롱볼트,국기대 부속,Ø101.6,340mm,大,G-109.jpg
G-692,국기대 롱볼트,국기대 부속,Ø127,420mm,특大,G-110.jpg
G-693,국기대용 레듀사,국기대 부속,Ø1)25.4 / Ø2)31.8,,,G-111.jpg
G-694,국기대용 레듀사,국기대 부속,Ø1)25.4 / Ø2)38.1,,,G-111.jpg
G-695,국기대용 레듀사,국기대 부속,Ø1)31.8 / Ø2)38.1,,,G-111.jpg
G-696,국기대용 레듀사,국기대 부속,Ø1)31.8 / Ø2)50.8,,,G-111.jpg
G-697,국기대용 레듀사,국기대 부속,Ø1)38.1 / Ø2)50.8,,,G-111.jpg
G-698,국기대용 레듀사,국기대 부속,Ø1)38.1 / Ø2)63.5,,,G-111.jpg
G-699,국기대용 레듀사,국기대 부속,Ø1)50.8 / Ø2)63.5,,,G-111.jpg
G-700,국기대용 레듀사,국기대 부속,Ø1)50.8 / Ø2)76.2,,,G-111.jpg
G-701,국기대용 레듀사,국기대 부속,Ø1)63.5 / Ø2)76.2,,,G-111.jpg
G-702,국기대용 레듀사,국기대 부속,Ø1)63.5 / Ø2)101.6,,,G-111.jpg
G-703,국기대용 레듀사,국기대 부속,Ø1)76.2 / Ø2)89.1,,,G-111.jpg
G-704,국기대용 레듀사,국기대 부속,Ø1)76.2 / Ø2)101.6,,,G-111.jpg
G-705,국기대용 레듀사,국기대 부속,Ø1)76.2 / Ø2)127,,,G-111.jpg
G-706,국기대용 레듀사,국기대 부속,Ø1)89.1 / Ø2)101.6,,,G-111.jpg
G-707,국기대용 레듀사,국기대 부속,Ø1)101.6 / Ø2)127,,,G-111.jpg
G-708,국기대용 레듀사,국기대 부속,Ø1)101.6 / Ø2)152.4,,,G-111.jpg
G-709,국기대용 레듀사,국기대 부속,Ø1)127 / Ø2)152.4,,,G-111.jpg
G-710,국기대용 레듀사,국기대 부속,Ø1)165.2 / Ø2)152.4,,,G-111.jpg
G-711,국기대용 레듀사,국기대 부속,Ø1)101.6 / Ø2)165.2,,,G-111.jpg
G-712,국기대용 레듀사,국기대 부속,Ø1)127 / Ø2)165.2,,,G-111.jpg
G-713,국기대용 레듀사,국기대 부속,Ø1)152.4 / Ø2)165.2,,,G-111.jpg
G-714,국기대용 레듀사,국기대 부속,Ø1)101.6 / Ø2)216.3,,,G-111.jpg
G-715,국기대용 레듀사,국기대 부속,Ø1)127 / Ø2)216.3,,,G-111.jpg
G-716,국기대용 레듀사,국기대 부속,Ø1)152.4 / Ø2)216.3,,,G-111.jpg
